{
  "description": "项目配置文件。",
  "packOptions": {
    "ignore": [],
    "include": []
  },
  "setting": {
    "urlCheck": false,
    "es6": false,
    "postcss": false,
    "minified": false,
    "newFeature": true,
    "bigPackageSizeSupport": true,
    "checkSiteMap": false,
    "babelSetting": {
      "ignore": [],
      "disablePlugins": [],
      "outputPath": ""
    }
  },
  "compileType": "miniprogram",
  "libVersion": "3.0.1",
  "appid": "wx775c2214e34aa966",
  "projectname": "AI全能语音助手",
  "condition": {},
  "editorSetting": {
    "tabIndent": "insertSpaces",
    "tabSize": 2
  }
}